{
  "precision": {
    "0": 0.9997829869,
    "1": 0.2750848608,
    "accuracy": 0.9901784895,
    "macro avg": 0.6374339239,
    "weighted avg": 0.9969857504
  },
  "recall": {
    "0": 0.9903553996,
    "1": 0.9445221445,
    "accuracy": 0.9901784895,
    "macro avg": 0.9674387721,
    "weighted avg": 0.9901784895
  },
  "f1-score": {
    "0": 0.9950468633,
    "1": 0.4260778128,
    "accuracy": 0.9901784895,
    "macro avg": 0.7105623381,
    "weighted avg": 0.9928507199
  },
  "support": {
    "0": 553574.0,
    "1": 2145.0,
    "accuracy": 0.9901784895,
    "macro avg": 555719.0,
    "weighted avg": 555719.0
  }
}
